payment_id,order_id,payment_method,payment_status,payment_date
PAY10000,ORD10595,E-Wallet,Completed,2024-10-07
PAY10001,ORD10063,Cash,Completed,2025-06-05
PAY10002,ORD10707,Credit Card,Pending,2025-06-13
PAY10003,ORD10486,Bank Transfer,Failed,2024-11-20
PAY10004,ORD10704,Bank Transfer,Failed,2024-09-11
PAY10005,ORD10610,Bank Transfer,Failed,2024-08-20
PAY10006,ORD10158,Bank Transfer,Completed,2025-04-18
PAY10007,ORD10380,Cash,Failed,2024-10-20
PAY10008,ORD10789,Bank Transfer,Pending,2024-12-01
PAY10009,ORD10091,Credit Card,Completed,2024-12-16
PAY10010,ORD10254,Bank Transfer,Completed,2025-01-31
PAY10011,ORD10161,E-Wallet,Completed,2024-08-04
PAY10012,ORD10511,Credit Card,Completed,2025-04-04
PAY10013,ORD10093,Bank Transfer,Pending,2024-11-09
PAY10014,ORD10702,Cash,Completed,2024-10-25
PAY10015,ORD10633,Cash,Completed,2025-05-30
PAY10016,ORD10346,Bank Transfer,Pending,2024-09-21
PAY10017,ORD10777,E-Wallet,Failed,2024-07-28
PAY10018,ORD10640,Cash,Pending,2024-12-20
PAY10019,ORD10061,Credit Card,Failed,2025-06-12
PAY10020,ORD10061,E-Wallet,Completed,2025-01-07
PAY10021,ORD10364,Cash,Completed,2025-02-16
PAY10022,ORD10660,E-Wallet,Completed,2025-05-02
PAY10023,ORD10157,Cash,Pending,2025-02-14
PAY10024,ORD10718,Cash,Failed,2024-10-21
PAY10025,ORD10549,E-Wallet,Failed,2024-08-21
PAY10026,ORD10065,Bank Transfer,Pending,2025-01-11
PAY10027,ORD10109,Bank Transfer,Pending,2024-08-24
PAY10028,ORD10128,E-Wallet,Failed,2025-05-24
PAY10029,ORD10499,Cash,Pending,2025-05-20
PAY10030,ORD10238,Cash,Completed,2024-09-08
PAY10031,ORD10324,Cash,Failed,2024-09-01
PAY10032,ORD10571,Cash,Pending,2024-07-20
PAY10033,ORD10490,Cash,Failed,2024-08-08
PAY10034,ORD10660,Bank Transfer,Pending,2025-06-03
PAY10035,ORD10774,Cash,Failed,2025-05-15
PAY10036,ORD10355,E-Wallet,Failed,2024-10-10
PAY10037,ORD10449,Cash,Failed,2024-09-04
PAY10038,ORD10750,Cash,Completed,2024-09-30
PAY10039,ORD10197,Bank Transfer,Completed,2025-05-31
PAY10040,ORD10021,Credit Card,Failed,2024-12-18
PAY10041,ORD10705,Credit Card,Pending,2024-12-07
PAY10042,ORD10386,Cash,Completed,2025-04-08
PAY10043,ORD10366,Bank Transfer,Pending,2025-03-17
PAY10044,ORD10741,Cash,Failed,2025-07-15
PAY10045,ORD10137,Credit Card,Pending,2025-03-23
PAY10046,ORD10256,Bank Transfer,Completed,2024-08-17
PAY10047,ORD10040,E-Wallet,Pending,2025-02-27
PAY10048,ORD10496,E-Wallet,Pending,2025-02-28
PAY10049,ORD10723,Bank Transfer,Failed,2024-10-24
PAY10050,ORD10448,E-Wallet,Failed,2025-07-07
PAY10051,ORD10572,Bank Transfer,Pending,2025-05-27
PAY10052,ORD10301,Cash,Pending,2024-08-14
PAY10053,ORD10555,Cash,Failed,2024-07-24
PAY10054,ORD10713,Credit Card,Completed,2024-08-10
PAY10055,ORD10501,Cash,Completed,2024-09-30
PAY10056,ORD10194,Cash,Pending,2025-07-01
PAY10057,ORD10580,Credit Card,Failed,2025-03-23
PAY10058,ORD10191,Bank Transfer,Pending,2025-01-04
PAY10059,ORD10556,Cash,Failed,2025-05-26
PAY10060,ORD10356,Cash,Completed,2024-09-04
PAY10061,ORD10331,Cash,Pending,2024-08-20
PAY10062,ORD10749,Credit Card,Failed,2025-07-02
PAY10063,ORD10479,Bank Transfer,Pending,2025-06-10
PAY10064,ORD10281,Credit Card,Completed,2025-06-03
PAY10065,ORD10613,E-Wallet,Completed,2025-05-26
PAY10066,ORD10567,Cash,Pending,2024-11-21
PAY10067,ORD10164,E-Wallet,Pending,2024-09-01
PAY10068,ORD10070,Bank Transfer,Pending,2024-08-01
PAY10069,ORD10543,Cash,Failed,2025-07-16
PAY10070,ORD10158,E-Wallet,Failed,2025-01-11
PAY10071,ORD10460,E-Wallet,Pending,2024-08-04
PAY10072,ORD10302,E-Wallet,Completed,2024-09-19
PAY10073,ORD10269,Cash,Pending,2025-07-09
PAY10074,ORD10554,Cash,Pending,2025-02-23
PAY10075,ORD10375,Cash,Completed,2024-12-31
PAY10076,ORD10464,Cash,Completed,2025-05-31
PAY10077,ORD10000,Credit Card,Failed,2025-04-23
PAY10078,ORD10794,E-Wallet,Pending,2024-12-16
PAY10079,ORD10653,Credit Card,Pending,2025-01-24
PAY10080,ORD10518,Bank Transfer,Pending,2024-07-27
PAY10081,ORD10388,E-Wallet,Pending,2024-12-11
PAY10082,ORD10751,Cash,Completed,2025-04-07
PAY10083,ORD10189,Cash,Pending,2024-12-28
PAY10084,ORD10019,Cash,Pending,2024-09-21
PAY10085,ORD10634,Credit Card,Pending,2024-11-30
PAY10086,ORD10372,Cash,Pending,2024-10-07
PAY10087,ORD10794,E-Wallet,Failed,2025-07-03
PAY10088,ORD10635,E-Wallet,Pending,2024-09-26
PAY10089,ORD10244,Bank Transfer,Completed,2024-10-30
PAY10090,ORD10328,E-Wallet,Failed,2024-11-01
PAY10091,ORD10738,Cash,Pending,2025-01-05
PAY10092,ORD10064,E-Wallet,Completed,2025-06-24
PAY10093,ORD10674,E-Wallet,Failed,2024-09-11
PAY10094,ORD10551,Credit Card,Failed,2024-07-29
PAY10095,ORD10396,E-Wallet,Pending,2025-03-11
PAY10096,ORD10194,Bank Transfer,Failed,2025-03-13
PAY10097,ORD10536,E-Wallet,Pending,2025-03-12
PAY10098,ORD10699,Credit Card,Pending,2024-10-19
PAY10099,ORD10509,Credit Card,Failed,2025-03-24
PAY10100,ORD10784,E-Wallet,Failed,2024-11-07
PAY10101,ORD10564,E-Wallet,Failed,2025-01-25
PAY10102,ORD10157,Credit Card,Failed,2024-12-23
PAY10103,ORD10627,Cash,Failed,2025-06-23
PAY10104,ORD10289,E-Wallet,Completed,2025-02-14
PAY10105,ORD10330,Credit Card,Completed,2025-01-18
PAY10106,ORD10419,E-Wallet,Pending,2024-08-08
PAY10107,ORD10656,Credit Card,Pending,2024-08-19
PAY10108,ORD10329,Cash,Pending,2024-11-01
PAY10109,ORD10113,Bank Transfer,Failed,2024-12-11
PAY10110,ORD10098,E-Wallet,Pending,2024-09-07
PAY10111,ORD10535,E-Wallet,Pending,2024-12-25
PAY10112,ORD10674,Bank Transfer,Failed,2024-10-01
PAY10113,ORD10068,Bank Transfer,Completed,2025-03-22
PAY10114,ORD10044,E-Wallet,Pending,2025-06-24
PAY10115,ORD10132,Cash,Failed,2025-05-21
PAY10116,ORD10182,E-Wallet,Pending,2025-02-05
PAY10117,ORD10032,Bank Transfer,Completed,2024-10-20
PAY10118,ORD10206,Credit Card,Pending,2025-03-17
PAY10119,ORD10109,Cash,Completed,2025-05-23
PAY10120,ORD10497,E-Wallet,Pending,2025-02-12
PAY10121,ORD10196,E-Wallet,Failed,2025-05-20
PAY10122,ORD10101,Credit Card,Pending,2024-07-23
PAY10123,ORD10032,Credit Card,Pending,2024-12-11
PAY10124,ORD10584,Cash,Completed,2025-05-15
PAY10125,ORD10657,Cash,Failed,2025-04-19
PAY10126,ORD10397,E-Wallet,Failed,2024-12-02
PAY10127,ORD10673,E-Wallet,Completed,2025-01-18
PAY10128,ORD10501,Bank Transfer,Completed,2025-02-12
PAY10129,ORD10538,E-Wallet,Pending,2025-05-15
PAY10130,ORD10638,Credit Card,Completed,2025-01-20
PAY10131,ORD10718,Cash,Failed,2024-11-26
PAY10132,ORD10604,E-Wallet,Failed,2025-07-05
PAY10133,ORD10262,Cash,Completed,2025-02-20
PAY10134,ORD10050,E-Wallet,Pending,2025-01-27
PAY10135,ORD10375,Credit Card,Failed,2024-11-17
PAY10136,ORD10226,Bank Transfer,Failed,2024-12-13
PAY10137,ORD10620,Bank Transfer,Failed,2024-10-29
PAY10138,ORD10735,Cash,Completed,2024-09-23
PAY10139,ORD10072,Credit Card,Pending,2024-07-26
PAY10140,ORD10013,Credit Card,Completed,2024-11-16
PAY10141,ORD10213,Credit Card,Pending,2025-03-04
PAY10142,ORD10671,E-Wallet,Completed,2024-10-09
PAY10143,ORD10503,Bank Transfer,Pending,2024-07-27
PAY10144,ORD10081,Credit Card,Pending,2025-06-28
PAY10145,ORD10479,E-Wallet,Completed,2025-05-26
PAY10146,ORD10654,Cash,Pending,2025-05-14
PAY10147,ORD10062,E-Wallet,Failed,2024-11-02
PAY10148,ORD10369,E-Wallet,Failed,2024-08-07
PAY10149,ORD10571,Credit Card,Completed,2025-05-26
PAY10150,ORD10761,Cash,Failed,2025-01-15
PAY10151,ORD10425,Bank Transfer,Pending,2025-02-06
PAY10152,ORD10377,Cash,Completed,2024-12-01
PAY10153,ORD10067,Cash,Failed,2025-05-09
PAY10154,ORD10725,Cash,Completed,2025-02-27
PAY10155,ORD10059,Cash,Pending,2024-10-14
PAY10156,ORD10631,Credit Card,Completed,2024-09-15
PAY10157,ORD10272,E-Wallet,Failed,2024-08-23
PAY10158,ORD10541,Bank Transfer,Completed,2024-10-20
PAY10159,ORD10041,Bank Transfer,Completed,2025-03-28
PAY10160,ORD10751,E-Wallet,Pending,2024-10-17
PAY10161,ORD10072,Bank Transfer,Completed,2024-10-27
PAY10162,ORD10311,Cash,Failed,2025-02-08
PAY10163,ORD10079,Credit Card,Failed,2025-05-29
PAY10164,ORD10221,Cash,Failed,2025-05-19
PAY10165,ORD10531,Cash,Completed,2025-07-07
PAY10166,ORD10099,Credit Card,Pending,2025-04-28
PAY10167,ORD10103,Bank Transfer,Failed,2024-08-06
PAY10168,ORD10742,Credit Card,Pending,2025-05-08
PAY10169,ORD10236,E-Wallet,Pending,2024-10-09
PAY10170,ORD10544,E-Wallet,Completed,2025-02-24
PAY10171,ORD10394,E-Wallet,Completed,2025-06-09
PAY10172,ORD10194,Credit Card,Pending,2025-05-21
PAY10173,ORD10197,E-Wallet,Pending,2024-12-13
PAY10174,ORD10538,Cash,Failed,2024-11-30
PAY10175,ORD10672,Cash,Completed,2025-07-14
PAY10176,ORD10254,E-Wallet,Pending,2025-06-06
PAY10177,ORD10583,E-Wallet,Failed,2025-06-09
PAY10178,ORD10640,E-Wallet,Completed,2024-09-21
PAY10179,ORD10183,E-Wallet,Completed,2024-09-22
PAY10180,ORD10571,Credit Card,Completed,2024-10-15
PAY10181,ORD10767,Credit Card,Failed,2025-03-03
PAY10182,ORD10571,Cash,Failed,2024-11-16
PAY10183,ORD10425,Bank Transfer,Failed,2025-05-25
PAY10184,ORD10764,Cash,Failed,2025-04-28
PAY10185,ORD10108,Credit Card,Failed,2025-04-12
PAY10186,ORD10784,Cash,Pending,2024-12-02
PAY10187,ORD10653,Cash,Pending,2025-07-05
PAY10188,ORD10590,Credit Card,Completed,2025-03-02
PAY10189,ORD10366,Bank Transfer,Failed,2024-07-26
PAY10190,ORD10690,Credit Card,Pending,2025-04-15
PAY10191,ORD10469,Cash,Pending,2025-04-14
PAY10192,ORD10719,Credit Card,Failed,2024-11-29
PAY10193,ORD10681,Bank Transfer,Failed,2025-02-21
PAY10194,ORD10437,Bank Transfer,Failed,2025-02-19
PAY10195,ORD10106,Credit Card,Completed,2024-09-09
PAY10196,ORD10170,Credit Card,Pending,2025-02-19
PAY10197,ORD10286,Credit Card,Failed,2024-09-27
PAY10198,ORD10184,E-Wallet,Completed,2025-06-05
PAY10199,ORD10563,Cash,Failed,2025-05-26
PAY10200,ORD10411,Cash,Failed,2025-06-23
PAY10201,ORD10516,Bank Transfer,Failed,2025-01-23
PAY10202,ORD10345,Cash,Pending,2025-02-11
PAY10203,ORD10673,E-Wallet,Failed,2024-11-13
PAY10204,ORD10161,Bank Transfer,Pending,2024-09-22
PAY10205,ORD10546,Credit Card,Pending,2025-01-22
PAY10206,ORD10614,Credit Card,Completed,2024-07-30
PAY10207,ORD10453,Bank Transfer,Completed,2024-08-20
PAY10208,ORD10360,Bank Transfer,Pending,2024-08-06
PAY10209,ORD10322,Bank Transfer,Pending,2024-10-14
PAY10210,ORD10563,E-Wallet,Failed,2025-03-06
PAY10211,ORD10332,Credit Card,Failed,2024-10-08
PAY10212,ORD10380,E-Wallet,Pending,2024-07-23
PAY10213,ORD10422,Credit Card,Pending,2025-02-05
PAY10214,ORD10782,Bank Transfer,Failed,2025-01-17
PAY10215,ORD10648,E-Wallet,Failed,2024-07-16
PAY10216,ORD10440,Cash,Failed,2024-11-21
PAY10217,ORD10743,Credit Card,Failed,2025-07-07
PAY10218,ORD10331,Bank Transfer,Completed,2025-03-11
PAY10219,ORD10623,Bank Transfer,Failed,2024-10-02
PAY10220,ORD10246,E-Wallet,Pending,2025-05-25
PAY10221,ORD10576,Cash,Pending,2024-09-04
PAY10222,ORD10558,Cash,Failed,2024-11-25
PAY10223,ORD10219,Credit Card,Failed,2025-04-20
PAY10224,ORD10384,Credit Card,Pending,2024-09-22
PAY10225,ORD10784,Credit Card,Pending,2025-07-07
PAY10226,ORD10563,E-Wallet,Completed,2025-05-23
PAY10227,ORD10762,Bank Transfer,Pending,2025-06-08
PAY10228,ORD10260,E-Wallet,Pending,2025-06-18
PAY10229,ORD10368,Bank Transfer,Pending,2024-11-18
PAY10230,ORD10463,Bank Transfer,Completed,2024-08-08
PAY10231,ORD10458,Bank Transfer,Pending,2024-07-24
PAY10232,ORD10406,Cash,Failed,2024-09-11
PAY10233,ORD10000,E-Wallet,Pending,2025-02-28
PAY10234,ORD10743,E-Wallet,Pending,2025-04-15
PAY10235,ORD10035,E-Wallet,Completed,2025-07-07
PAY10236,ORD10291,Cash,Failed,2024-09-09
PAY10237,ORD10610,Cash,Pending,2025-05-12
PAY10238,ORD10016,Bank Transfer,Completed,2024-08-28
PAY10239,ORD10530,Cash,Pending,2025-06-09
PAY10240,ORD10138,Credit Card,Completed,2025-02-05
PAY10241,ORD10309,Credit Card,Completed,2025-06-15
PAY10242,ORD10006,Credit Card,Completed,2024-12-04
PAY10243,ORD10307,E-Wallet,Failed,2024-08-13
PAY10244,ORD10227,Credit Card,Completed,2024-12-08
PAY10245,ORD10219,Cash,Pending,2025-04-15
PAY10246,ORD10322,E-Wallet,Completed,2025-07-16
PAY10247,ORD10022,E-Wallet,Pending,2025-03-30
PAY10248,ORD10790,Credit Card,Failed,2024-12-16
PAY10249,ORD10706,Bank Transfer,Failed,2025-02-28
PAY10250,ORD10282,Bank Transfer,Completed,2024-08-24
PAY10251,ORD10566,Cash,Pending,2024-11-23
PAY10252,ORD10523,Credit Card,Failed,2024-11-10
PAY10253,ORD10569,Cash,Failed,2024-11-18
PAY10254,ORD10584,Bank Transfer,Completed,2024-09-06
PAY10255,ORD10585,Bank Transfer,Completed,2024-09-15
PAY10256,ORD10158,Credit Card,Completed,2025-04-26
PAY10257,ORD10096,Bank Transfer,Pending,2025-01-01
PAY10258,ORD10038,Bank Transfer,Completed,2025-05-19
PAY10259,ORD10471,Bank Transfer,Completed,2025-03-21
PAY10260,ORD10364,Credit Card,Pending,2025-01-21
PAY10261,ORD10159,Credit Card,Pending,2025-03-25
PAY10262,ORD10141,Bank Transfer,Completed,2024-11-16
PAY10263,ORD10271,Bank Transfer,Pending,2024-09-21
PAY10264,ORD10375,E-Wallet,Pending,2025-04-16
PAY10265,ORD10596,Credit Card,Completed,2025-02-19
PAY10266,ORD10255,Cash,Pending,2025-04-11
PAY10267,ORD10238,Cash,Completed,2025-06-26
PAY10268,ORD10262,Bank Transfer,Completed,2025-07-11
PAY10269,ORD10307,Bank Transfer,Pending,2025-03-11
PAY10270,ORD10094,E-Wallet,Completed,2025-05-17
PAY10271,ORD10584,E-Wallet,Failed,2024-12-01
PAY10272,ORD10409,Credit Card,Pending,2024-10-10
PAY10273,ORD10582,Cash,Pending,2025-03-31
PAY10274,ORD10222,E-Wallet,Pending,2025-03-01
PAY10275,ORD10751,Cash,Completed,2025-05-28
PAY10276,ORD10079,E-Wallet,Completed,2024-09-22
PAY10277,ORD10740,Bank Transfer,Pending,2024-12-09
PAY10278,ORD10332,E-Wallet,Completed,2024-11-12
PAY10279,ORD10286,E-Wallet,Failed,2025-04-27
PAY10280,ORD10494,Credit Card,Failed,2025-04-09
PAY10281,ORD10177,Bank Transfer,Failed,2024-11-07
PAY10282,ORD10499,Bank Transfer,Pending,2024-09-03
PAY10283,ORD10706,Credit Card,Completed,2024-09-23
PAY10284,ORD10719,Cash,Pending,2025-04-25
PAY10285,ORD10590,Bank Transfer,Failed,2024-07-16
PAY10286,ORD10097,Bank Transfer,Failed,2025-04-14
PAY10287,ORD10609,Credit Card,Failed,2025-02-23
PAY10288,ORD10657,Cash,Pending,2024-12-15
PAY10289,ORD10307,Bank Transfer,Pending,2025-06-11
PAY10290,ORD10038,Credit Card,Failed,2025-05-11
PAY10291,ORD10748,Bank Transfer,Failed,2025-02-21
PAY10292,ORD10590,E-Wallet,Completed,2024-07-28
PAY10293,ORD10390,Cash,Completed,2024-09-24
PAY10294,ORD10080,E-Wallet,Failed,2025-03-06
PAY10295,ORD10798,Cash,Completed,2024-11-16
PAY10296,ORD10057,Credit Card,Failed,2025-07-08
PAY10297,ORD10789,Bank Transfer,Failed,2025-05-26
PAY10298,ORD10342,Bank Transfer,Failed,2025-03-10
PAY10299,ORD10356,Credit Card,Completed,2024-10-09
PAY10300,ORD10444,Bank Transfer,Failed,2025-03-21
PAY10301,ORD10426,E-Wallet,Failed,2025-02-20
PAY10302,ORD10123,Credit Card,Completed,2024-08-25
PAY10303,ORD10788,E-Wallet,Failed,2025-07-14
PAY10304,ORD10232,Cash,Completed,2025-01-24
PAY10305,ORD10765,Bank Transfer,Failed,2024-09-08
PAY10306,ORD10668,E-Wallet,Completed,2024-11-21
PAY10307,ORD10616,Bank Transfer,Pending,2025-05-01
PAY10308,ORD10011,Cash,Failed,2024-08-15
PAY10309,ORD10649,Bank Transfer,Completed,2024-10-16
PAY10310,ORD10796,Cash,Pending,2024-11-27
PAY10311,ORD10647,Credit Card,Failed,2024-11-17
PAY10312,ORD10391,Bank Transfer,Completed,2024-09-19
PAY10313,ORD10055,Credit Card,Completed,2025-03-20
PAY10314,ORD10312,Cash,Pending,2025-06-24
PAY10315,ORD10536,Credit Card,Failed,2024-08-19
PAY10316,ORD10042,E-Wallet,Completed,2025-05-31
PAY10317,ORD10326,Credit Card,Pending,2025-04-17
PAY10318,ORD10552,E-Wallet,Pending,2025-04-02
PAY10319,ORD10578,Cash,Completed,2025-03-21
PAY10320,ORD10153,Cash,Failed,2025-04-25
PAY10321,ORD10334,Bank Transfer,Pending,2025-06-25
PAY10322,ORD10514,E-Wallet,Failed,2024-11-23
PAY10323,ORD10714,Bank Transfer,Completed,2025-01-05
PAY10324,ORD10226,Bank Transfer,Completed,2024-07-20
PAY10325,ORD10156,Cash,Completed,2024-10-26
PAY10326,ORD10051,Credit Card,Completed,2024-10-05
PAY10327,ORD10689,Cash,Pending,2024-10-20
PAY10328,ORD10749,Cash,Pending,2025-04-11
PAY10329,ORD10402,Credit Card,Failed,2024-08-11
PAY10330,ORD10456,E-Wallet,Failed,2024-11-29
PAY10331,ORD10770,E-Wallet,Completed,2024-10-23
PAY10332,ORD10609,Credit Card,Failed,2025-05-17
PAY10333,ORD10589,Credit Card,Completed,2024-08-26
PAY10334,ORD10516,Bank Transfer,Pending,2025-04-21
PAY10335,ORD10092,Credit Card,Pending,2024-07-16
PAY10336,ORD10227,Credit Card,Completed,2024-08-03
PAY10337,ORD10442,Bank Transfer,Completed,2024-12-12
PAY10338,ORD10296,E-Wallet,Pending,2025-01-02
PAY10339,ORD10621,Credit Card,Failed,2025-04-26
PAY10340,ORD10403,Credit Card,Failed,2024-12-25
PAY10341,ORD10151,Bank Transfer,Completed,2024-09-18
PAY10342,ORD10135,Credit Card,Pending,2025-06-24
PAY10343,ORD10344,Bank Transfer,Failed,2024-12-23
PAY10344,ORD10084,Cash,Failed,2025-01-23
PAY10345,ORD10487,Bank Transfer,Pending,2025-06-23
PAY10346,ORD10585,Cash,Completed,2024-12-10
PAY10347,ORD10763,Cash,Pending,2024-11-29
PAY10348,ORD10050,Bank Transfer,Pending,2025-02-13
PAY10349,ORD10561,Bank Transfer,Failed,2024-12-08
PAY10350,ORD10408,Bank Transfer,Failed,2024-08-24
PAY10351,ORD10268,E-Wallet,Failed,2025-06-02
PAY10352,ORD10087,Credit Card,Failed,2025-01-18
PAY10353,ORD10408,Bank Transfer,Pending,2025-05-18
PAY10354,ORD10513,Cash,Completed,2025-06-16
PAY10355,ORD10444,Cash,Pending,2025-02-25
PAY10356,ORD10792,Bank Transfer,Completed,2025-03-25
PAY10357,ORD10714,Credit Card,Completed,2025-05-06
PAY10358,ORD10133,Credit Card,Failed,2025-04-08
PAY10359,ORD10780,Credit Card,Pending,2024-10-11
PAY10360,ORD10138,Cash,Failed,2024-09-17
PAY10361,ORD10492,Bank Transfer,Completed,2025-01-07
PAY10362,ORD10572,Bank Transfer,Pending,2024-08-13
PAY10363,ORD10202,Bank Transfer,Pending,2025-05-22
PAY10364,ORD10499,Cash,Failed,2025-06-09
PAY10365,ORD10404,Bank Transfer,Failed,2024-07-28
PAY10366,ORD10667,Cash,Pending,2024-11-07
PAY10367,ORD10585,Cash,Failed,2024-07-23
PAY10368,ORD10200,Credit Card,Failed,2024-11-16
PAY10369,ORD10574,Bank Transfer,Completed,2024-10-25
PAY10370,ORD10630,Bank Transfer,Pending,2024-08-25
PAY10371,ORD10753,E-Wallet,Pending,2024-08-13
PAY10372,ORD10536,Credit Card,Completed,2024-11-25
PAY10373,ORD10252,Cash,Failed,2024-09-20
PAY10374,ORD10248,Credit Card,Pending,2025-06-25
PAY10375,ORD10073,E-Wallet,Failed,2024-12-08
PAY10376,ORD10272,Credit Card,Completed,2024-09-16
PAY10377,ORD10795,Credit Card,Failed,2025-04-26
PAY10378,ORD10440,E-Wallet,Failed,2024-08-14
PAY10379,ORD10331,Credit Card,Pending,2025-02-13
PAY10380,ORD10701,Credit Card,Completed,2025-07-16
PAY10381,ORD10589,E-Wallet,Completed,2025-06-29
PAY10382,ORD10091,E-Wallet,Pending,2024-08-21
PAY10383,ORD10115,Cash,Completed,2024-11-24
PAY10384,ORD10687,E-Wallet,Failed,2025-03-03
PAY10385,ORD10423,Bank Transfer,Pending,2025-03-11
PAY10386,ORD10433,Bank Transfer,Completed,2025-06-27
PAY10387,ORD10374,Bank Transfer,Failed,2025-01-19
PAY10388,ORD10356,Cash,Pending,2025-04-15
PAY10389,ORD10195,Credit Card,Failed,2024-07-28
PAY10390,ORD10328,E-Wallet,Completed,2024-12-30
PAY10391,ORD10352,Cash,Pending,2025-03-26
PAY10392,ORD10608,Credit Card,Pending,2024-09-18
PAY10393,ORD10671,E-Wallet,Failed,2025-03-08
PAY10394,ORD10024,Credit Card,Failed,2025-06-26
PAY10395,ORD10788,E-Wallet,Completed,2024-12-31
PAY10396,ORD10312,Bank Transfer,Pending,2024-09-15
PAY10397,ORD10173,E-Wallet,Failed,2024-08-05
PAY10398,ORD10358,E-Wallet,Pending,2024-08-24
PAY10399,ORD10631,Cash,Completed,2024-11-21
PAY10400,ORD10452,Cash,Completed,2024-10-03
PAY10401,ORD10638,Cash,Completed,2024-09-27
PAY10402,ORD10149,Bank Transfer,Completed,2024-12-21
PAY10403,ORD10451,Bank Transfer,Completed,2025-04-12
PAY10404,ORD10045,E-Wallet,Pending,2025-02-16
PAY10405,ORD10239,Cash,Pending,2025-04-22
PAY10406,ORD10204,Bank Transfer,Completed,2025-07-10
PAY10407,ORD10701,Bank Transfer,Failed,2025-04-25
PAY10408,ORD10382,E-Wallet,Failed,2025-02-10
PAY10409,ORD10159,E-Wallet,Completed,2024-10-27
PAY10410,ORD10775,Credit Card,Pending,2025-03-29
PAY10411,ORD10745,Credit Card,Pending,2024-11-02
PAY10412,ORD10087,E-Wallet,Failed,2024-11-08
PAY10413,ORD10115,Credit Card,Failed,2024-10-16
PAY10414,ORD10757,Bank Transfer,Pending,2024-08-22
PAY10415,ORD10055,E-Wallet,Failed,2024-08-04
PAY10416,ORD10248,E-Wallet,Completed,2024-12-15
PAY10417,ORD10635,Cash,Completed,2025-02-23
PAY10418,ORD10151,Bank Transfer,Failed,2025-02-14
PAY10419,ORD10294,Bank Transfer,Completed,2025-06-07
PAY10420,ORD10014,Cash,Failed,2025-01-22
PAY10421,ORD10351,Credit Card,Pending,2024-09-13
PAY10422,ORD10710,E-Wallet,Completed,2024-08-06
PAY10423,ORD10113,Credit Card,Failed,2024-12-03
PAY10424,ORD10312,Bank Transfer,Completed,2024-07-17
PAY10425,ORD10460,Credit Card,Completed,2024-12-29
PAY10426,ORD10482,Bank Transfer,Pending,2024-08-19
PAY10427,ORD10023,E-Wallet,Pending,2024-11-07
PAY10428,ORD10339,E-Wallet,Pending,2025-05-31
PAY10429,ORD10214,E-Wallet,Failed,2025-03-30
PAY10430,ORD10757,Cash,Pending,2025-03-15
PAY10431,ORD10550,Cash,Pending,2025-03-06
PAY10432,ORD10216,Cash,Completed,2025-01-18
PAY10433,ORD10208,E-Wallet,Pending,2024-10-01
PAY10434,ORD10559,E-Wallet,Pending,2024-08-22
PAY10435,ORD10535,Credit Card,Completed,2024-07-25
PAY10436,ORD10768,Bank Transfer,Completed,2024-10-04
PAY10437,ORD10264,Cash,Completed,2024-09-20
PAY10438,ORD10561,E-Wallet,Pending,2025-03-20
PAY10439,ORD10494,E-Wallet,Completed,2024-11-06
PAY10440,ORD10637,Bank Transfer,Failed,2024-08-16
PAY10441,ORD10747,Cash,Pending,2025-01-15
PAY10442,ORD10144,Cash,Completed,2025-06-08
PAY10443,ORD10711,Credit Card,Failed,2024-08-29
PAY10444,ORD10715,E-Wallet,Pending,2024-11-12
PAY10445,ORD10684,Credit Card,Completed,2025-05-16
PAY10446,ORD10018,E-Wallet,Completed,2024-12-17
PAY10447,ORD10385,Bank Transfer,Pending,2025-01-14
PAY10448,ORD10596,Credit Card,Pending,2025-01-21
PAY10449,ORD10679,E-Wallet,Completed,2025-06-28
PAY10450,ORD10539,Cash,Completed,2025-03-29
PAY10451,ORD10044,Bank Transfer,Completed,2024-10-26
PAY10452,ORD10261,E-Wallet,Pending,2024-08-20
PAY10453,ORD10174,Credit Card,Completed,2025-03-22
PAY10454,ORD10061,Credit Card,Failed,2025-02-12
PAY10455,ORD10290,E-Wallet,Completed,2024-12-13
PAY10456,ORD10205,Bank Transfer,Failed,2024-09-25
PAY10457,ORD10760,E-Wallet,Pending,2024-12-07
PAY10458,ORD10713,Credit Card,Completed,2025-06-24
PAY10459,ORD10632,Credit Card,Pending,2024-12-11
PAY10460,ORD10277,Cash,Completed,2024-12-06
PAY10461,ORD10054,Cash,Completed,2024-09-26
PAY10462,ORD10476,Credit Card,Completed,2025-01-05
PAY10463,ORD10670,Cash,Failed,2024-08-02
PAY10464,ORD10008,Cash,Pending,2024-10-26
PAY10465,ORD10068,E-Wallet,Pending,2025-01-02
PAY10466,ORD10397,Bank Transfer,Completed,2025-01-12
PAY10467,ORD10676,E-Wallet,Completed,2024-10-26
PAY10468,ORD10277,E-Wallet,Completed,2024-10-11
PAY10469,ORD10678,Cash,Failed,2025-06-06
PAY10470,ORD10675,Cash,Failed,2024-10-28
PAY10471,ORD10368,Bank Transfer,Pending,2025-02-20
PAY10472,ORD10110,Bank Transfer,Pending,2024-08-08
PAY10473,ORD10019,Bank Transfer,Failed,2024-09-12
PAY10474,ORD10299,E-Wallet,Failed,2025-05-04
PAY10475,ORD10664,Bank Transfer,Completed,2025-04-12
PAY10476,ORD10395,Credit Card,Pending,2025-04-01
PAY10477,ORD10236,Credit Card,Pending,2024-08-22
PAY10478,ORD10389,E-Wallet,Pending,2024-08-18
PAY10479,ORD10520,Cash,Completed,2025-04-01
PAY10480,ORD10726,Bank Transfer,Failed,2024-11-26
PAY10481,ORD10101,Credit Card,Completed,2025-05-25
PAY10482,ORD10323,Bank Transfer,Completed,2025-02-11
PAY10483,ORD10496,Credit Card,Pending,2024-12-23
PAY10484,ORD10611,Credit Card,Completed,2025-05-05
PAY10485,ORD10544,Bank Transfer,Failed,2025-03-02
PAY10486,ORD10090,Credit Card,Completed,2024-10-12
PAY10487,ORD10190,Bank Transfer,Completed,2025-02-15
PAY10488,ORD10203,Credit Card,Failed,2024-08-08
PAY10489,ORD10512,Cash,Completed,2025-06-07
PAY10490,ORD10468,E-Wallet,Failed,2024-12-13
PAY10491,ORD10574,E-Wallet,Completed,2025-05-29
PAY10492,ORD10729,Bank Transfer,Pending,2025-02-03
PAY10493,ORD10022,E-Wallet,Failed,2024-12-25
PAY10494,ORD10040,E-Wallet,Pending,2025-02-08
PAY10495,ORD10253,E-Wallet,Completed,2025-04-08
PAY10496,ORD10542,E-Wallet,Failed,2025-06-17
PAY10497,ORD10312,Cash,Completed,2025-07-14
PAY10498,ORD10341,Cash,Pending,2025-01-16
PAY10499,ORD10501,E-Wallet,Completed,2025-02-23
